,itemID,recommendedBook
0,12,"['32729', '53663', '6667', '2390', '39256']"
1,45274,"['7262', '15116', '6210|18662', '65147', '54336']"
2,10104,"['10143', '58103', '10317', '72922', '50866']"
3,41371,"['5376', '46995', '28401', '46077', '18617']"
4,14015,"['20173', '59077', '13103', '40294', '54587']"
5,28515,"['40011', '16509', '11589', '66471', '29700']"
6,70766,"['61176', '5858|26220', '38095', '29458', '74129']"
7,1822,"['55029', '29355', '1516', '20702', '1718']"
8,56794,"['2121', '44420', '46738', '69830', '16099']"
9,60188,"['23137', '14935', '70998', '55748', '58144']"
10,62060,"['39658', '67002', '28229', '34906', '67539']"
11,31401,"['51862', '38720', '57097', '7293', '77091']"
12,6420,"['64628', '7376', '73407', '64307', '68899']"
13,72855,"['24255', '19765', '46943', '27198', '6948']"
14,73378,"['14700', '29605', '32216', '66162', '28017']"
15,25049,"['46509', '34131', '26561', '73362', '57094']"
16,24603,"['39483', '32145|73596', '76045|76704', '64181|30561|10522', '8726']"
17,5737,"['27599', '35293', '29098', '7479', '24175']"
18,38980,"['11291', '63573', '75457', '9344', '75923']"
19,13382,[]
20,75121,"['39425', '26274', '28451', '61099', '64495']"
21,39779,"['51604', '17907', '78608', '21544', '41382']"
22,14026,"['53548', '76538', '9543', '78341', '401']"
23,9392,"['11953', '957', '26646', '71591', '22364']"
24,77956,"['48325', '70706', '32762', '28089', '32880']"
25,70300,[]
26,77134,"['8101', '68886', '40741', '29977', '39848']"
27,75340,"['47198', '15901', '65110', '12144', '56077', '44632']"
28,51066,"['59482', '13495', '11104', '5036', '41613']"
29,67776,"['6740', '50966', '66906', '36172', '6102']"
30,53929,"['37356', '77326', '5030', '21356', '8424']"
31,22342,"['50389', '77514', '25271', '49272', '13841']"
32,41116,"['59924', '36664', '59712', '61706', '62743']"
33,60331,"['44927', '47578', '24052', '8735', '41797', '33248']"
34,65307,"['65002', '15371', '11721', '51327', '70043']"
35,50039,[]
36,42184,"['17745', '12617', '32386', '43213', '57005']"
37,76163,"['16142', '46681|64452', '59121', '74913', '53240']"
38,2319,"['8183', '61622', '56579', '57463', '56051']"
39,62494,"['27493', '5421', '40902', '28475', '62022']"
40,31015,"['74006', '41125', '15493', '28563', '26694']"
41,21497,"['21680', '19761', '77708', '48669', '8679']"
42,53008,"['59779', '63906', '46795|44986', '66448', '26262']"
43,39308,"['51509', '33619', '59774', '10158', '70722']"
44,4690,"['76424', '66643', '9505', '28457', '68803']"
45,19777,"['54827', '27295', '69585', '46778', '29947']"
46,10078,"['20749', '43513', '27943', '27301', '33392']"
47,65353,"['29555', '4148', '37772', '7233', '13404']"
48,58847,"['35419', '17183', '72190', '26363', '43816']"
49,61593,"['24271', '3071', '54210', '48948', '51388']"
50,18537,"['42018', '39627|19702|6752', '76321', '48442', '68931']"
51,73427,"['65884', '41703', '65226', '6954', '60785']"
52,7521,"['21716', '72684', '6326', '13901', '4351']"
53,71586,"['33094', '6118', '40865', '3421', '26866']"
54,13772,"['58218', '49560', '23376|59991|74898|45275|48438|19738', '63688', '43711']"
55,33092,"['63952', '53575', '6295', '24851', '56217']"
56,74398,"['72081', '41241|29064|70119', '46055|69540', '45870|58638', '71474']"
57,74089,"['7163', '38228', '12745', '20825', '5489']"
58,57282,"['18498', '7612', '3343', '16439', '38231']"
59,38760,"['21311', '63734', '19669', '45820', '46024']"
60,15657,"['26193', '53604', '28216', '18697', '15149|34031']"
61,17665,"['16394', '56255', '69697', '73551', '74709']"
62,75251,"['65078', '6891', '65902', '13661', '55049']"
63,56282,"['22121', '54482', '27774', '25040', '70909']"
64,73973,"['49588', '76859', '22023', '56023', '41840']"
65,19994,"['29774', '22574', '27391', '56948', '36672']"
66,47098,"['42758', '73135', '34213|33017', '37908', '30284']"
67,54190,"['58952', '54518', '48356', '40174', '17950']"
68,61043,"['78608', '13545', '70849', '52254', '32532']"
69,78675,"['49569', '10713|46591', '22205|261', '17761', '48989']"
70,40394,"['29184', '307', '14023', '37057', '12733']"
71,43844,"['6306', '28198', '36358', '12453', '60917']"
72,27300,"['48707', '74992', '62241', '11280', '38613']"
73,22870,"['3615', '59834', '64640', '39670', '71163']"
74,61707,"['16748', '38418', '44558', '13158', '74085']"
75,17888,"['63525', '44207', '73756', '70515', '50939']"
76,48292,"['50007', '51311', '57022', '55144', '53389']"
77,2054,"['57144', '44177', '48081', '42854', '44095']"
78,6643,"['19016', '24777', '38592', '50859', '47191']"
79,3857,"['12726', '4409', '64433', '59791', '65073']"
80,64350,"['46677', '67231', '35539', '3197', '23351']"
81,10833,"['77853', '63900', '37323', '65193', '49521']"
82,33556,"['23417', '31709', '73418', '71374', '19314']"
83,23256,"['14050', '2964', '31874', '52290', '71117']"
84,53880,"['1904', '50561', '77425', '50733', '4200']"
85,75694,"['14427', '26606', '20698', '68836', '55163']"
86,17770,"['76591', '77929', '51102', '78863', '13441']"
87,9365,"['60882', '56869', '40374', '38064', '74267']"
88,11177,"['68293', '44498', '21173|24082', '24392', '73162']"
89,48659,"['39259', '46886|67457', '73672', '56860', '55334']"
90,18169,"['8239', '50584', '66158', '60467', '51342']"
91,48490,"['47852', '33273', '15130', '14556', '17981']"
92,70627,"['51160', '73314', '56265', '35731', '39986']"
93,40000,[]
94,18665,"['54007', '28863', '46961', '34687', '55311']"
95,35574,"['77348', '29326', '71655', '7922', '58449']"
96,11732,"['1530', '76383', '25524', '51266', '64988']"
97,6798,"['25674', '76226', '33342', '30090', '33862']"
98,42415,"['13497', '16573', '45192', '7797', '17442']"
99,64236,"['1516', '16164', '615', '74189', '67658']"
100,60644,[]
101,11595,"['34261', '73215', '33416', '18566', '27796']"
102,39957,"['78754', '59002', '10255|21943|13610', '22747', '43135']"
103,1519,"['74837', '15901', '30470', '65295', '65110']"
104,10075,"['47852', '48490', '33273', '15130', '14556', '17981']"
105,25209,"['60087', '55070', '39598', '51672', '55567']"
106,7108,"['53652', '36712', '23425', '70525', '64274']"
107,67848,"['74314', '62216', '67244', '25420', '61841']"
108,40424,"['17170', '33014', '27981', '59553', '1555']"
109,72523,"['25104', '66553', '16047', '63510', '45553']"
110,60588,"['57451', '17240', '105', '32081', '47861']"
111,21315,"['14160', '77317', '25721', '12214', '46093']"
112,50356,"['39253', '60780', '64507', '41541', '26130']"
113,75904,"['68843', '34312', '55151', '60860', '4528']"
114,17240,"['57451', '38084', '24720', '31041', '19399|34944|60588']"
115,24218,"['78189', '54040', '22464', '19347', '16201']"
116,21949,"['35532', '49178', '28090', '71418', '22123']"
117,6478,"['4092', '10140', '41221', '74501', '55616']"
118,76242,"['33936', '60457', '38731', '48709|71311', '5563']"
119,71112,"['37305|4515', '27277', '11994', '75555', '23638']"
120,76437,"['20691', '77911', '69692', '10767', '51397']"
121,52656,"['39150', '16779', '48009', '62011', '30873']"
122,10304,"['65877', '11381', '9178', '46119', '9619']"
123,25399,"['45942', '37773', '52995', '45484', '51239']"
124,71619,"['63599', '2094', '32512', '19118', '4778']"
125,31439,"['48562', '73109', '41090', '19103|68632', '26728']"
126,14323,"['5087', '45820', '19669', '63734', '46535']"
127,10842,"['73856', '74110', '4828', '13206', '31086']"
128,39515,"['48838', '54656', '76795', '9419|16782', '24060|8200']"
129,59732,"['7649|51751|3921|46312|68005|48391|21668', '31094|32176|30575|53801', '39275', '45303|56204', '20923']"
130,56452,"['49373', '73617', '58875', '69534|55441|31022', '58280']"
131,53496,"['53365|68781', '51996|33605', '77694|24141|23135', '44809|18554', '53892|61658']"
132,27903,"['38995', '57382', '11330', '14080', '45256']"
133,53672,"['62768', '30613', '60509', '59190', '13675']"
134,29813,"['46995', '46077', '29994', '23104|34108|55062', '18617']"
135,67909,[]
136,36620,"['1070|27050', '54377', '30761', '52568', '56071']"
137,44197,"['34802', '49926', '72806', '20660', '44657']"
138,68772,"['32233', '54858', '10558', '39226', '58265']"
139,72058,"['76219', '40535', '54246', '40255', '1151']"
140,17921,"['71215', '39711', '67273', '35118', '57128']"
141,67832,"['33157', '18146', '50969', '59003', '11768']"
142,73203,"['11421', '52531', '32713', '73222', '78605|2228']"
143,30873,"['6557', '77639', '78037', '50327', '47207']"
144,46059,"['77948', '56059', '21610', '48543', '44415']"
145,49615,"['76535', '76310', '77442', '19822', '37904']"
146,76629,"['47312', '46812', '49538', '24394', '7607']"
147,55488,"['53582', '29054', '53086', '4686', '27153']"
148,30713,"['52858', '38540', '33795', '2927|58149', '58656|73922']"
149,3527,"['22192', '48566', '65', '2600', '77268']"
150,52884,"['4806', '18333', '53699', '40607', '44260']"
151,48270,"['65212', '16903', '53019', '33813', '42136']"
152,18224,"['6651', '20152', '26479', '11115', '32664']"
153,39309,"['1424', '45902', '29309', '74173', '37950']"
154,11265,"['10623', '77342', '12140', '70796', '29513']"
155,8288,"['58123', '28729', '46223', '40492', '31254']"
156,40312,"['35291', '66730', '58428', '59885', '71766']"
157,35418,"['74440', '54927', '44571', '65833', '32235']"
158,78181,"['13504', '67157', '71797', '31043', '59186|12040']"
159,8859,"['72401', '68479', '65215', '13065', '45937']"
160,3875,"['65369', '42241', '58263', '41318', '65237']"
161,17348,"['54372', '48763', '32405', '41811', '30784']"
162,37321,"['51311', '60475', '74426', '8612', '73662']"
163,22277,"['29480', '60233', '23197', '42389', '55810|12665']"
164,52705,"['12401', '65628', '4317', '37098', '43524']"
165,26856,"['38182', '30926', '27047', '55928', '72843']"
166,36095,[]
167,66497,"['14617', '61673', '49887', '52696', '21181']"
168,55326,"['1598', '13462', '10238', '67137', '60328']"
169,3959,"['35563', '59403', '62983', '11737', '67887']"
170,66928,"['40669', '3172', '71088', '56809', '24052']"
171,23159,"['65708', '25699', '69228', '39020', '2937']"
172,76762,"['71574', '61178', '28837', '42584', '14022']"
173,73748,"['64606', '6813', '52040|4539', '48618', '77463|68215']"
174,8248,"['34839|39351|20166|75456|48598', '64978', '15605', '37611', '38055']"
175,39766,"['52064', '39209', '61042', '1178', '37331', '18582']"
176,49234,"['28502', '5594', '43043', '55083', '6848']"
177,23366,"['38911|57593|27703|28389|19657|32288|20833|42432|21720|52763', '10984|24203', '23809', '70026', '17136']"
178,59734,"['41631', '49640', '64655', '15366', '47007']"
179,41020,"['22356', '36885', '78693|5693|37610', '52908', '57116']"
180,74389,"['3400', '21803', '78983', '30020', '14283']"
181,8538,[]
182,40113,"['78512', '3266', '61589', '43471', '6074']"
183,32980,"['71402', '37038', '58409', '36060', '72979']"
184,47068,"['28822', '64009', '5321', '3424', '56817']"
185,20083,"['39296', '52786', '10456', '18928', '41369']"
186,31728,"['9009', '78766', '27692', '53828', '35184']"
187,52192,"['5341', '32454', '19765', '46943', '27198']"
188,62732,"['632', '37878', '58885', '48728', '8634']"
189,30746,"['54492', '34655', '28851', '20436', '36087']"
190,22622,"['177', '60825', '39143', '57889', '3155']"
191,54612,[]
192,59032,"['31696', '35878|69245|26660|49357|30102|27712|73529|68921|19486|42356', '55210', '8615', '54414']"
193,26385,"['67189', '72891', '41565', '6448', '40304']"
194,65461,"['5857|74747', '28726|1232', '3239', '33891|32422', '19742']"
195,54835,"['5368', '29782', '1507', '76161', '14392']"
196,54737,"['31260', '45467', '2653', '75990', '56766']"
197,76905,"['15931|59705', '23761', '59357', '72291', '8563']"
198,45093,"['5962', '3571', '44813', '18014', '47832']"
199,31273,"['61554', '45328', '57889', '33318', '3155']"
200,851,"['72857', '63068', '39338', '71544', '74064']"
201,16935,"['48802', '51368|11279', '48989', '46874', '6917']"
202,28379,"['9053', '30601', '25635', '54075', '45988']"
203,17009,"['54944', '56267', '19915', '61365', '71673']"
204,1486,"['71211', '33672', '77240', '71938', '8445']"
205,62630,"['57040', '35016', '68873', '33668', '46422']"
206,34682,"['54901', '36814', '43739', '64637', '38947']"
207,6741,"['29470', '8408', '78220', '64837', '21557']"
208,20852,"['10560|31190', '72614|2444', '73574', '40656', '70396']"
209,22265,"['54785', '62264', '76237', '77536', '74481']"
210,2244,"['49251', '70797', '15538', '25450', '39551']"
211,26396,"['64159', '1972', '37323', '18178', '25821']"
212,48796,"['34460', '12413', '71448', '32907', '39406']"
213,45501,"['60338', '56181', '32136|20817', '64719', '32324']"
214,26445,"['33154', '7022', '23728', '51721', '38313']"
215,457,"['23980', '59151', '51629', '73160', '22830']"
216,35752,"['31142', '11898', '44203', '3391', '66311|50019|63037']"
217,47491,"['60735', '3781', '16127', '58886', '61196']"
218,43762,"['12730|52422', '64370|76611', '15493', '17534', '3768']"
219,23599,"['65169', '23321', '51955', '52458|62211|59773', '40420|24164']"
220,13325,"['41176', '2226', '19649', '35983', '33813']"
221,3273,"['22911', '48396', '5089', '45133', '991']"
222,2257,"['71355', '76551', '37600', '25408|68814|71268', '55609']"
223,34670,"['7217', '51095', '78323', '58194', '11128']"
224,74105,"['31707', '28663', '50345', '37669', '62718']"
225,35720,"['26607', '41884', '54236', '45114', '62542']"
226,71526,"['50656', '58741', '57294', '77371', '22933']"
227,21737,"['10036', '16596', '49655', '27186|75976', '46387']"
228,7860,"['13561', '37951', '26714', '47083', '36271']"
229,41648,"['37626', '30485', '28106', '67667', '37632']"
230,1640,"['15067', '59530', '70160', '2616', '48096']"
231,33814,"['45991', '7809', '31164', '28606', '17986']"
232,19717,"['37710', '69755|78956|53613', '77463|68215', '36594|30481', '78826|35340']"
233,78998,"['40412', '19321', '46065', '18996', '30283']"
234,23643,"['75585', '14519', '6206', '72028', '50620']"
235,68712,"['4586', '17345', '13384', '17093', '11487']"
236,63739,"['9542', '583', '23617', '38178|78344', '58681']"
237,42328,"['63829', '77821', '75937', '7826', '72685']"
238,23446,"['63207', '9556', '41430', '17784', '385']"
239,21285,"['8369', '53470', '37135', '22324', '49672']"
240,72959,"['58930', '69822', '38588', '19065', '49793']"
241,8548,[]
242,21221,"['25224', '17730', '69452', '15777', '78649']"
243,12564,"['50498', '9024', '64907|59588', '873|21222', '30152']"
244,9577,[]
245,29381,"['2338', '1335', '16525', '54183', '60974']"
246,19688,"['53671', '6994', '43509', '76898', '57195']"
247,45195,"['64938', '47300', '59076', '16309', '34590']"
248,22775,"['61427', '62571', '7892', '53101', '35948']"
249,13131,"['69113', '8387', '8393', '19485', '16389|31118']"
250,8861,"['54253', '50588', '51566', '59626', '45777']"
251,1680,"['72685', '61153', '2648', '52618', '57147']"
252,62200,"['64037', '50924', '12736', '14663', '29631']"
253,73868,"['36596', '15654', '11031', '35886', '75635']"
254,7666,"['23738', '27124', '76874', '24290', '10933']"
255,7084,"['10789', '73302', '18890', '27665', '59265|72894']"
256,74586,"['22369', '12130', '31364', '73415', '29718']"
257,2335,"['32043', '10414', '16932', '44101', '22412']"
258,22877,"['17692', '462', '8698', '21030', '67080']"
259,68509,"['79065', '10281', '24083', '8604', '78787']"
260,28737,"['7160', '41468', '43366', '74194', '68151']"
261,66339,"['35844', '37091', '4277', '16655', '72086']"
262,49803,"['23387', '56907', '36588', '7627', '51701']"
263,14189,"['37957', '118', '39678|53941', '51159', '36487']"
264,9884,"['61498', '2714', '6090', '20470', '46063']"
265,67630,"['56185', '10963', '55709', '10840', '34604']"
266,11407,[]
267,8384,"['73827|11822', '60045|59020|52039', '67601', '18443', '12996']"
268,75345,"['21026', '43084', '19296', '25385', '22496']"
269,45841,"['21587', '23067', '73877', '19308', '11985']"
270,63764,"['64967', '76531', '917', '54947', '63869']"
271,70197,"['11193', '62781', '16996', '52979', '6177']"
272,32109,"['20239', '39863|15920', '41398', '37502', '44866']"
273,30434,"['69062', '37119', '36062', '32675', '31986']"
274,45358,"['28143', '73688', '26786', '30299', '75508']"
275,52721,"['44588', '54288', '21193', '17345', '57558']"
276,58820,"['65806', '23641', '44435', '52221', '15602']"
277,70803,"['76204', '13171', '38857', '50224', '56340']"
278,50338,"['3976', '45115', '62128', '32367', '35447']"
279,66493,"['39767', '19088', '75506', '52755', '47224']"
280,52519,"['25470', '60297', '47572', '69522', '14031']"
281,37378,"['13975', '56108', '17600', '70094', '49497']"
282,49952,[]
283,75882,"['414', '11363', '17808', '75635', '13935']"
284,7445,[]
285,17850,"['64423', '66251', '21391', '13238', '48465']"
286,42566,"['29885', '55308', '78975', '63441', '13142']"
287,29708,[]
288,46476,"['14773', '67106', '21473', '46043', '39127']"
289,14470,"['44273', '222', '62296', '55091', '56030']"
290,43679,"['60467', '52940', '3468', '73833', '35692']"
291,40279,"['34362', '63432', '33475', '40972', '41673']"
292,24002,"['67995', '77369', '48384|58929', '62744', '10380|77964']"
293,68253,"['46556', '74414', '29051', '54253', '53358']"
294,15581,"['45332', '16067', '20936', '12962', '20614']"
295,73552,"['44119', '20390', '35945', '18042', '17541']"
296,38164,"['37047', '36397', '74958', '69688', '59090']"
297,58779,"['59003', '6970', '27908', '57480', '27294']"
298,57464,"['37909|20145', '11714', '21090', '77380', '23596']"
299,56827,"['47860', '78335', '29301', '46817', '21615']"
300,76331,"['46182', '75465', '22921', '63451', '57777']"
301,12568,"['29451', '49962', '48274', '43672', '70777']"
302,63107,"['52986', '8029', '61892', '60498', '48964']"
303,39971,"['61297', '30497', '35114', '25905', '54140']"
304,24776,[]
305,65811,"['810', '51443', '41358', '5237', '70906']"
306,77175,"['50007', '77336', '51311', '57022', '55144']"
307,53717,"['17049', '26575', '12974', '70400', '65815']"
308,50340,"['43888', '45785', '13600|58514', '2923', '15386']"
309,77554,"['63610', '19014', '62101', '59809', '73962']"
310,63279,"['15417', '31086', '74110', '4828', '13206']"
311,59821,"['12805', '29455', '19434', '52760', '47837']"
312,12725,"['75326', '42222', '77274', '25926', '66803']"
313,1235,"['34218', '24240', '37428', '31392', '71338']"
314,34899,"['36505', '6587', '18133', '43212', '2593']"
315,37797,"['20286', '7332|49319', '74553', '19755', '55180']"
316,29368,"['54691', '70718', '52201', '48093', '9503|69433']"
317,11378,"['64962|39990', '72900', '32111', '55211', '49518']"
318,59092,"['55902', '17969', '23803', '34673', '60846']"
319,5362,"['33677', '66646', '20888', '51920', '25693']"
320,47933,"['53380', '10704', '62714', '42723', '5668']"
321,68560,"['60855', '37618', '46242', '12734', '63855']"
322,57628,"['44927', '47578', '24052', '8735', '41797', '33248']"
323,11682,"['53784', '77859', '18162', '30741', '54455']"
324,18601,"['77940', '13311', '65867', '6374', '64070', '1884']"
325,58566,"['19714', '10460', '76261', '59209', '51211']"
326,29217,"['20931', '6510', '52985', '23098', '3286']"
327,64901,"['4833', '66553', '5739', '14314', '77255']"
328,6359,"['53376', '43897', '53600', '63252', '2932|4100']"
329,54801,"['53098', '45328', '32778', '1309', '41116']"
330,66017,"['71444', '64579', '26881', '69254', '18870']"
331,28302,"['22464', '78189', '54040', '19347', '16201']"
332,19235,"['78312', '22820', '75851', '11307', '43483']"
333,24078,"['22719', '8988', '54574', '69115', '24569']"
334,7924,"['25600', '55054', '61973', '23980', '40309|42384']"
335,2993,"['56255', '74709', '73551', '16394', '44933']"
336,71202,"['55411', '9127', '69463', '23653', '44967']"
337,38543,"['35140', '51775', '73433', '38773', '16288']"
338,9943,"['70022', '74019', '64942', '72350', '62287']"
339,24706,"['66347', '50007', '51311', '57022', '55144']"
340,17298,"['51923', '55664', '33323', '9328', '35539']"
341,49279,"['38622', '21540', '13702', '38706', '28628']"
342,7129,"['72852', '36606', '77428', '54625', '17147']"
343,54586,"['67469', '36684', '28300', '65717', '58960']"
344,55270,"['16096', '69313', '77119', '24151', '53675']"
345,16937,"['65681', '38509', '24570', '43144', '23872']"
346,44508,"['51673', '55274', '1383', '28583', '51420']"
347,28976,"['41759', '36316', '60493', '16355', '13266']"
348,9612,"['36805', '48664', '21547', '71381', '29361']"
349,43313,"['30232', '24761', '78353', '74317', '65915']"
350,46237,"['55679', '60055', '47456', '18731', '40427']"
351,14883,"['76760', '73107', '57811', '4063', '49700']"
352,71036,"['76399', '39005', '57610', '46607', '67099']"
353,71886,"['58463', '45208', '73963', '1258', '41043']"
354,70372,[]
355,14750,"['50470', '75966', '4593', '40183', '46172']"
356,52053,"['50137', '8147', '4523|10528', '51034', '5268']"
357,51638,"['36440', '57206', '20401', '22592', '18618']"
358,61875,"['55198', '53479', '4173', '48421', '28877']"
359,42039,"['64038', '56998', '72720', '5284', '65859']"
360,25598,"['69214', '39100', '64046', '20610', '45787']"
361,23417,"['73418', '33556', '31709', '71374', '19314']"
362,30446,"['255', '21325', '17511', '1048', '5790']"
363,27104,"['31865', '69014', '67389', '75654', '44766']"
364,61715,"['18130', '56858', '25338', '33938', '9779']"
365,72826,"['61690', '54417', '70314', '4550', '13817']"
366,7415,"['20441', '60599', '21829', '17066', '66888']"
367,11688,"['27105|22456', '21025|49379|77243|23828|1117|27293|468|53013', '39234', '59316', '68472|55836']"
368,12209,"['70567', '77011', '31533', '35424', '8137|59068']"
369,79016,"['24947', '27951', '29635', '440', '52550']"
370,6019,"['44927', '47578', '24052', '8735', '41797', '33248']"
371,14436,"['30058', '22057', '54710', '78497', '63341']"
372,75422,"['31416', '68550', '23134', '58102', '73359']"
373,10482,"['4369|23468', '77620|57808', '35748|34867', '45285', '63135']"
374,24686,[]
375,50313,"['57566', '38224', '22098', '40571', '64250']"
376,58067,[]
377,37854,"['14753', '50750', '31621', '23745', '43026']"
378,24118,"['46806', '58605', '65799', '76350', '28109']"
379,66750,"['2216', '63083', '66743', '67840', '21412']"
380,8116,"['74538', '56795', '56777', '32339', '1988']"
381,62540,"['306', '23136', '61454', '70097', '16581']"
382,25663,"['29485', '41582', '58262', '782', '54697|42625|46641']"
383,16585,"['37414', '71806', '19116', '39178', '34411']"
384,28466,"['71512', '67416', '4115', '64684', '39812']"
385,42531,"['27632', '3734', '56995', '48728', '33702']"
386,39680,"['58660', '16436', '74031', '9039', '46030']"
387,51560,"['75727', '38816', '59355', '11740', '63451']"
388,13374,"['64256', '59105', '35342', '72348', '1272']"
389,18441,"['45718', '40757', '59766', '1994', '24500']"
390,13880,"['36858', '53450', '74777', '24615', '77688']"
391,17383,"['59541', '74313', '41905', '60787', '34300']"
392,13014,"['54855', '10382', '38357', '32565', '3728']"
393,57674,"['11908', '78269', '58996', '42516', '40298']"
394,18756,"['17418', '64844', '68179', '74679|32090|6414', '28663']"
395,51964,"['76161', '20891', '16493', '74628', '66918', '37620']"
396,27403,"['42740', '61333', '55067', '67389', '78605|2228']"
397,10871,"['25111', '56108', '17600', '54334', '70094']"
398,35456,"['20548', '50913', '30878', '32428', '5846']"
399,74872,"['19300|32162', '52290', '28120', '64693', '36931']"
400,63796,"['23104|34108|55062', '25416', '68795', '71758', '22791']"
401,63457,"['47360', '23104|34108|55062', '11183', '28651', '72462']"
402,55057,"['49750', '11385', '36559', '32414', '55861']"
403,47336,"['13244', '22180', '51204', '68840', '42141']"
404,43032,"['52228', '69767', '55843', '17477', '58354']"
405,63855,"['54274', '43729', '1226', '68560', '45772']"
406,72231,"['66277', '53985', '73267', '54095', '23970']"
407,11527,"['40044', '67721', '4925', '76659', '48885']"
408,31548,"['65993|63163', '35873|32945', '16532|10818', '50575', '31150|67063']"
409,62812,"['69755|78956|53613', '26917', '35806', '4150', '72745']"
410,20266,"['14265', '32231', '4944', '34283', '53312']"
411,59605,"['60847', '15961', '1997', '34262', '19610']"
412,57163,"['47876', '78609', '11625', '70037', '31253|64292']"
413,34307,"['58415', '63338', '54932', '40134', '54163']"
414,65903,"['14273', '22991', '24769', '65903', '56697']"
415,28580,"['70985', '56043', '49797', '70527', '10678']"
416,5197,"['39697', '1069', '23145', '37257', '69855']"
417,34939,"['38963', '45308', '33650', '16642', '66524']"
418,59859,"['11365', '43567', '68869', '1436', '60343']"
419,12077,"['42416', '74358', '65995', '73070', '69856']"
420,75539,"['38701', '76028', '51872', '35674', '53597']"
421,24979,"['12330', '28883', '50939', '49033', '28500', '25227']"
422,47684,"['66736', '57952|10350', '3768', '19462', '1186']"
423,37711,"['39620', '40430', '20110', '15724', '24803']"
424,14162,"['47409', '2713|26997|27740', '3254|13924|15335|38310|6677', '37824|33237|50762', '47706']"
425,30806,"['63127', '55964', '19309', '76246', '67225']"
426,65785,"['29099', '49244', '14199', '2698', '38690']"
427,2723,"['61467', '34056', '42991', '63220', '55290']"
428,52874,"['48387', '12829', '10710', '60937|4586|21208|22715', '31200|56300']"
429,2612,"['64925', '7656', '64494', '35586', '4239']"
430,63908,"['33898|5553', '66396', '445', '37379', '76906']"
431,12075,"['20914', '9062', '75265', '69656', '67546']"
432,78080,"['49165', '16912', '23445', '63758', '58492']"
433,39083,"['73623|5141|52826|70562', '49871|14819|2875', '61906', '15454|3719|16035|24539|29569', '30925|33432|78254|8388|58459|78429|75242|27201|60392|67498|12674|72827|48870|59362']"
434,64333,"['48338', '23198', '76835', '1819', '65787']"
435,12640,"['27034', '74072', '36135', '51040', '6583']"
436,41002,[]
437,27038,"['27034', '26900', '892', '66582', '43995']"
438,38637,"['16114', '24337', '18749', '49622', '7812', '29734']"
439,44894,"['42630', '26862', '31890', '10676', '53477']"
440,35904,"['46298', '4728', '11340', '570', '19518']"
441,38819,"['8251', '51977', '13569', '48325', '77956']"
442,30628,"['27333', '58938', '68533', '2120', '44058']"
443,6790,"['28732', '44808', '68570', '13740', '67701']"
444,38368,"['35835', '63593', '36805', '63222|23412', '75124']"
445,27726,"['16043', '43854', '56814', '47445', '9684']"
446,4890,"['49185', '76995', '61267', '61118', '11324']"
447,37429,"['43147', '2637', '5909|66919', '73818|19553', '63214']"
448,57598,"['30310', '9597', '51327', '23660', '20282']"
449,44452,"['40006', '19765', '46943', '27198', '71451']"
450,77629,"['67623', '53253', '24625', '18970|19903|20419|28801', '26898']"
451,44327,"['40611', '51196', '14719', '65637', '71787']"
452,21276,"['29441|77241', '46812', '49538', '24394', '7607']"
453,46655,"['50306', '39100', '59455', '32144', '35607', '45787']"
454,35579,"['25015', '56613', '41527', '35038', '78944']"
455,56629,"['27389', '18062', '8122|16034', '19142', '71741']"
456,47549,"['37372|9743', '28602|61235', '66877', '42927', '57847|2270']"
457,31827,"['41608', '74504', '7143', '61782', '71183']"
458,41447,"['36596', '73868', '15654', '73522', '11031']"
459,57018,"['15466', '67833', '60741', '646|20891', '64750|70939']"
460,69755,"['78826|35340', '42821', '26917', '4150', '72745']"
461,16190,"['6285', '1286', '32031|51840', '38405', '3895']"
462,48231,"['3245', '76493', '8037', '26599|51318', '52445|66985']"
463,58737,"['12330', '28883', '50939', '49033', '28500', '25227']"
464,9001,"['4705', '61141', '49529', '21866', '45502']"
465,19462,"['69359', '48427', '33294', '3110', '70199']"
466,15267,"['60479', '55872', '2846|13002', '72808|62378', '72748|24113']"
467,68076,"['67621', '32746', '78107', '11648', '119']"
468,17617,"['5462', '55120', '65489', '29679', '12916']"
469,43701,[]
470,66224,"['78793', '48728', '54329', '15646', '67230']"
471,23132,"['15064', '73361', '11236', '46369', '3608']"
472,23535,"['75204', '58871', '44552', '48215', '27149']"
473,18479,"['31634', '70298', '48633', '7297', '50869']"
474,63017,"['31493', '70602', '51394', '72505', '14362|49519']"
475,61316,"['64497', '5370', '70456', '70080', '52293']"
476,56775,"['1931', '27988', '62464', '24205', '77228']"
477,66954,"['36846', '56424', '65177', '14396', '31588']"
478,32532,"['78608', '70849', '46873', '63816', '10217']"
479,53813,"['15302', '21808', '1037', '41484', '34977']"
480,43877,"['19315', '24859', '70038', '40821', '29439']"
481,34078,"['74296', '52006', '60286', '11441', '49701']"
482,58561,"['71673', '19915', '56267', '61365', '42224']"
483,77952,[]
484,34978,"['15103', '6769', '2924', '14733', '62222']"
485,337,[]
486,25367,"['2703', '36278', '29078', '47189', '36776']"
487,35094,"['62403', '32000', '39719', '73642', '75437']"
488,24459,[]
489,10745,"['7649|51751|3921|46312|68005|48391|21668', '31094|32176|30575|53801', '71943|48459|61497|59732', '57554', '18431']"
490,59769,[]
491,54929,"['33371', '41645', '3933', '17743', '24694']"
492,78279,"['42946', '22702', '54553', '54159', '22044']"
493,62535,"['41658', '3191', '50471', '72402', '61268']"
494,3268,"['7272', '75899', '3439', '25087', '39953']"
495,663,"['24713', '48017', '69456', '68982|61064|57942', '52869']"
496,32451,"['2795', '55737', '54616', '22000', '30231']"
497,21607,"['51964', '36948', '70983', '64971', '16493']"
498,46904,[]
499,58236,"['17252', '18908', '56912', '15554', '39000']"
500,25488,"['54324', '6510', '52985', '59008', '23098']"
501,58262,"['25663', '29485', '41582', '782', '54697|42625|46641']"
502,38083,"['70183', '20759', '11963|32252', '29396', '76769']"
503,3059,"['29784', '55781', '3523', '45591', '12204']"
504,49587,[]
505,32126,"['66240|11383', '64530', '50518', '64174', '65413|33929']"
506,48127,"['76148', '63833', '23210', '39016', '68108']"
507,59649,"['3164', '59612', '37014', '19492', '36602']"
508,17465,"['6761', '63277', '9334', '12322', '58593']"
509,53838,"['22269', '64461', '28132', '1850', '30124']"
510,37146,"['8017', '46691', '66487', '70116', '32366']"
511,40692,"['62381', '64970', '57012', '49792', '14575']"
512,53134,"['26634', '59219', '69990|22806', '3901|76566', '76705']"
513,10841,"['28775', '67253', '30757', '66182', '50102|6444|54407']"
514,11169,"['20240', '3693', '10590', '9826', '17291']"
515,68764,[]
516,57342,"['46227', '59385', '19789', '4214', '16848']"
517,11603,"['59713', '66585', '20519', '61364', '15021']"
518,69838,"['70286', '78926', '36919', '22805', '59363']"
519,37998,"['29118', '9832', '40576', '65895', '12540']"
520,35898,"['67852', '14663', '41370', '77295', '50883']"
521,51042,"['41923', '57676', '68492', '24207', '15248']"
522,44118,"['65829', '74109|1601', '37248', '67920', '45654|33198']"
523,67506,"['70419', '39427', '56101', '60619', '58078|75099']"
524,636,[]
525,2579,"['61143', '40237', '3288', '64454', '1636']"
526,45286,"['50007', '54135', '42158', '40370', '67889']"
527,18427,"['67568', '9730', '41455', '65022', '6628']"
528,28844,"['73958', '10215', '37116|31293', '26304', '35998']"
529,65714,"['25332', '35843', '68048', '8896', '63598']"
530,24554,"['76859', '22023', '56128', '41840', '56023']"
531,36175,"['70311', '57465', '15498', '65304', '48702']"
532,72138,"['15620', '56147', '49832', '57882', '22921']"
533,45594,"['43625', '57494', '15773', '11947', '16261']"
534,24747,"['77012', '9062', '20914', '12075', '37248']"
535,26662,"['44496', '23019', '47208', '51241', '64897']"
536,33525,"['4949', '78460', '75641', '18212', '31967']"
537,8296,"['71315', '42494', '43834', '51736', '43076']"
538,56597,"['33941', '33562', '30415|36365', '54003', '13936']"
539,61794,"['35083', '34679', '12416', '47572', '78997']"
540,27261,"['3943', '28309', '18719', '50931', '50930']"
541,468,[]
542,29448,"['55046', '71344', '73637', '68465', '43504']"
543,726,"['62110', '70423', '54103', '35935|23456', '17443']"
544,55154,"['5953', '7636', '3760', '32060', '28576']"
545,7977,"['38665', '57229', '30633|71992', '53176', '41899|24338']"
546,53078,"['66731|53197', '24140', '50663', '46944', '23375']"
547,34125,"['17467', '57628', '42074', '11821', '69870']"
548,71063,[]
549,67063,"['3051', '52398', '41469', '16532|10818', '32779']"
550,47597,"['14903|8407|55921', '9120', '74513|44836', '19038', '17186']"
551,52305,"['66046', '52305', '13379', '13379|55384', '68165']"
552,65833,"['47852', '48490', '33273', '15130', '14556', '17981']"
553,5733,"['74115', '49763', '64609', '9438', '76063']"
554,33494,"['50569', '25024', '12552', '17910', '16476']"
555,10881,"['37992', '40423', '54793', '57117', '77440']"
556,74196,"['50007', '20483', '51311', '57022', '55144']"
557,22160,"['25940', '17579', '1733', '7398', '19471']"
558,70190,"['2022', '14551', '41047', '9523', '47966']"
559,16191,"['60169', '25908', '1436', '73372', '71043']"
560,6363,"['67751', '28431', '24187', '36284', '63399']"
561,51060,"['24757', '62751', '5881', '52568', '28673|21787']"
562,41219,"['3153', '71806', '36774', '23750', '39']"
563,53100,"['47909', '30382', '63940', '51359', '45380']"
564,45871,"['66469', '29210', '60409', '49401', '48746']"
565,29083,"['6886', '19765', '3734', '46943', '27198']"
566,61636,"['32744', '11046', '59059', '75730', '12237']"
567,42715,"['36339', '15813', '62594', '59613', '6923']"
568,32754,"['46740', '72845', '40771', '17036', '2143']"
569,72607,"['44728', '38698', '23288', '77511', '54346']"
570,6955,[]
571,2399,"['39128', '52294', '14755', '4543', '41127']"
572,60216,"['15254', '58449', '22415', '32279', '26371']"
573,26438,"['39744', '52821', '3374|67468', '12053', '122']"
574,57977,"['1843', '61893', '71103', '15965', '67007']"
575,47675,[]
576,51832,"['60073', '49693', '59846', '12399', '11363']"
577,29972,"['73560', '23603', '13933', '6277', '38935']"
578,33790,"['43874', '69562', '61511', '45211', '48832']"
579,45390,"['60287', '28820', '66546', '78890', '39569', '34004']"
580,11609,"['60849', '23368', '63905', '9338|63929|41520', '21693']"
581,73256,"['58890', '40331', '27283', '63303', '32467']"
582,20740,"['35573', '57500', '53634', '29750', '69985']"
583,24746,"['24368', '12231', '52858', '38540', '33795']"
584,33956,"['53444', '11084', '49502', '12691|3469', '64179']"
585,11253,[]
586,5255,"['69873', '29820', '63194', '59879', '50449']"
587,24675,"['18322', '4262', '17108', '66378', '58329']"
588,58404,"['64442', '61843', '2909', '49491', '67711']"
589,47464,"['64284|58677', '60170', '40134', '807', '72074']"
590,39665,"['63797', '14650', '6755|1078', '70790', '77526']"
591,18622,"['42347', '36318', '26178', '60070', '53616']"
592,54066,"['74830', '11087', '44926', '38909', '5123|68641']"
593,30229,"['29125', '39343', '77357', '24324', '61778']"
594,71353,"['16831', '38146', '72244', '63077|27069', '23978|24195']"
595,14037,"['62482', '75104', '30109', '10255|21943|13610', '34778']"
596,71784,"['72383', '77847', '40613', '70398', '32278']"
597,46951,"['14736', '54160', '11879', '73078', '14847', '74926']"
598,61514,"['77469', '77737', '36440', '57206', '21768']"
599,27259,"['43988', '30591', '6949', '9656', '60044']"
600,45613,"['19430', '12567', '36285', '48357', '74544']"
601,22972,"['14504', '74523', '2702', '47391', '65882']"
602,45435,"['76286', '42987', '59438', '4692', '51079']"
603,62993,"['24812|32559', '31660|11845', '23546', '78204', '66122']"
604,64509,"['46326', '34604', '56185', '68751', '1520']"
605,46931,"['49001', '32762', '43990', '48325', '77956']"
606,65465,"['38903', '6800', '47207', '10926', '50327']"
607,60384,"['5063', '62267', '10132', '24612', '20065']"
608,31881,"['72743', '18373', '6943|13071', '70392', '66222']"
609,67229,"['37756', '54309', '65708', '45658', '40918']"
610,58605,"['65799', '21668|46312', '44299', '45309', '10073']"
611,6530,[]
612,43304,"['25530', '48613', '35157', '72282', '27805']"
613,21179,"['75134', '8640', '69964', '21900', '9521']"
614,28853,"['26405', '21629|46364|68269|11765|57568|9404|73276|48883|12951|15598|22148|67680|53682|38620|2722|68974|22555', '4744', '66335', '64560']"
615,47632,"['40699', '4884', '56908', '73405', '44635']"
616,15039,"['4086', '40644', '51168', '28764|28283', '12701']"
617,72722,"['49304', '41196', '466', '18661', '41555']"
618,45270,"['30391', '70501', '53120', '10895', '72160']"
619,61339,"['39005', '5058', '53997', '61077', '12115']"
620,48791,"['1280', '13292', '37207', '64855|23096', '55803']"
621,32110,"['12493', '44368|23513', '18370', '11387', '7485']"
622,33558,"['37063', '34905', '36987', '49505', '5578']"
623,21639,"['17908', '20798|6981|3736', '24448', '68957', '42868']"
624,47838,"['12447', '12124', '13250', '41265', '47837']"
625,78241,"['14265', '32231', '34283', '4944', '33408']"
626,6413,"['67788', '53745', '55219', '66996', '3962']"
627,27334,"['71391', '43624', '31788', '47213', '23229']"
628,3425,"['60370', '62386', '21715', '53159', '35582']"
629,29779,"['29629', '51131', '73271', '69722', '57146']"
630,45827,"['45445', '20889', '60047', '38522', '41217']"
631,39627,"['77534', '36531', '58516', '68931', '40382']"
632,39590,"['8172', '576', '35281', '56711', '41652']"
633,1103,"['75340', '14173', '65295', '74837', '15901']"
634,74813,"['76034', '7698', '10177', '45772', '73227']"
635,39000,"['17252', '20749', '58236', '56912', '15554']"
636,10434,"['15238', '4655', '51597', '38696', '46671']"
637,18320,"['24329', '48722', '38667', '77981', '11616']"
638,47893,"['9035', '58019', '14090', '20876', '57687']"
639,10426,"['22641', '56404', '37050', '11421', '52020']"
640,9179,"['76859', '22023', '56128', '41840', '56023']"
641,58906,"['42556', '16974', '16265', '66145', '35641']"
642,51702,"['57258', '28318', '50350', '7699', '4500']"
643,35470,"['20479', '61031|39877', '115', '22489', '46383']"
644,30816,"['13696', '10385', '40855', '56244', '32721']"
645,69589,"['37513', '15847', '72544', '29557|51643', '65368']"
646,8109,"['25638', '37080|47693', '69772', '1728', '21136']"
647,62276,"['44370', '3015', '34803', '59878', '4786']"
648,64534,"['53489', '25763', '3159', '46503', '30233']"
649,5300,"['55547', '21470', '31696', '35878|69245|26660|49357|30102|27712|73529|68921|19486|42356', '45770']"
650,54461,"['35169', '44281|41277', '53633', '31070', '47732']"
651,10326,"['42459', '30441', '4038', '5673', '68599', '76204']"
652,1071,"['11466', '9927', '78495|68911|30959', '25485', '75634']"
653,20234,"['57959', '72191', '44754', '32705', '35619']"
654,4525,"['52064', '39209', '61042', '1178', '37331', '18582']"
655,62509,"['68218', '6001', '38399', '2800', '41528']"
656,39941,"['66448', '11256', '9967', '48621', '70296']"
657,3583,"['75635', '20058', '33857', '13935', '9603']"
658,35236,"['10255|21943|13610', '14253', '48930', '64786|31574', '49252']"
659,42326,"['9580', '11942', '47269', '20733', '61566']"
660,22868,"['57552', '21610', '45675', '33378', '3649']"
661,28533,"['77477', '67562', '77202', '69388', '51449']"
662,61752,"['56999', '8680', '76996', '13754', '31014']"
663,45955,"['48045', '17488', '10255|21943|13610', '39957', '47594']"
664,3166,"['50007', '37321', '51311', '70566', '57022']"
665,1168,"['17176', '39029', '27803', '11511', '26028']"
666,259,"['61741', '65564', '75458', '36475', '19512']"
667,60087,"['64932|71754', '59808', '69870', '60331', '44927']"
668,12311,"['53376', '50256', '43897', '71005', '57074']"
669,66633,"['51011', '44912', '71004', '21487', '5546']"
670,65860,"['11707', '70392', '20849', '4957', '18675']"
671,52748,"['54714', '64365', '56390', '19245', '15912']"
672,35638,"['16067', '24159', '23443', '49260', '64181|30561|10522']"
673,23349,"['20162|33725', '8099', '4061', '64040', '31525']"
674,30313,"['36686', '40001', '11125', '23798', '48777|7033']"
675,5498,"['76852|45816|42304', '65049|48133|74480', '11869|12467|70835', '70411', '40960|4453|64769']"
676,45424,[]
677,15472,"['17004', '21122|58451', '13865', '68553', '1531']"
678,13056,"['18781', '76859', '22023', '56128', '12885']"
679,14122,"['195', '38977', '23904', '21607', '17854']"
680,50582,"['78279', '68138', '43824', '56121', '2375']"
681,38840,"['41212', '61455', '46041', '67734', '7369|43548|14009']"
682,63023,[]
683,8516,"['6828', '51052', '78188', '48700', '18722']"
684,47014,"['55658', '59616', '68899', '78470', '60676|31644']"
685,49396,"['70925', '40439', '44129', '51724', '74449']"
686,75774,"['68864', '3344', '247', '1488|23880', '61767']"
687,13180,"['76893', '49546', '78526', '19483', '22406']"
688,16340,"['12431', '76044', '19533', '23791', '26186']"
689,78314,"['17359', '35569', '44967', '30568', '52570']"
690,1460,"['14343', '20606', '188', '3451', '4138']"
691,38005,"['26267', '4851', '52858', '70696|20334|41917', '38540']"
692,42622,"['76746', '19335', '14510', '47982', '24680']"
693,38523,"['78889', '66108', '19474', '76264', '44022']"
694,74041,[]
695,37011,"['6755|1078', '29607', '77526', '55174', '44275']"
696,6288,"['9312', '71137', '78879', '4215', '58556']"
697,62728,[]
698,15949,[]
699,15715,"['42758', '73135', '12439', '34213|33017', '42261']"
700,10097,"['32120', '67495', '38328', '6900', '52753']"
701,66177,"['28704', '30540', '72691', '66314', '17647']"
702,16746,"['16355', '60493', '13266', '9011', '2558']"
703,18879,"['31186', '52094', '46192', '21325', '17511']"
704,7655,"['26523', '30411', '62221', '40667', '44097']"
705,53378,"['28524', '25803', '1063', '8637', '35154']"
706,15167,[]
707,33517,"['69535', '10606', '49743', '36837|11832', '21516']"
708,2975,"['26722', '41107', '67407', '9787', '45910']"
709,62454,"['64983', '1229', '44297', '6837', '62532']"
710,51133,"['52221', '28064', '37173', '2912', '53167']"
711,71805,[]
712,67073,"['24303', '25515', '12559', '42628', '3591']"
713,77384,"['54847', '13708', '29339', '13094', '50673']"
714,5844,[]
715,52718,"['24450', '28794', '38602', '73843', '24830']"
716,15767,"['76769', '39747', '29396', '67740', '70183']"
717,45935,"['28299', '52382', '4095', '34131', '69913']"
718,2142,"['39551', '60323', '33865', '18077', '42383']"
719,31637,"['77586', '76374', '53390', '41290', '37736', '37973']"
720,31129,"['74056', '25085', '49030', '37130|70630', '61452']"
721,76150,"['38182', '49670', '27330', '22598', '27047']"
722,75867,"['51217', '51285', '63561', '61156', '68376']"
723,24085,"['15265', '54234|76475|73132', '71828', '61017', '27770']"
724,13973,"['2203', '43608', '47044', '62960', '78389']"
725,70180,"['54623', '34436', '41142', '66896', '50848']"
726,77574,"['36262', '60849', '23368', '63905', '18693']"
727,62162,"['64180', '35785', '516', '31110', '29959']"
728,40017,"['33216', '38183', '53169', '23258', '130']"
729,49479,"['14977', '37379', '445', '961', '76906']"
730,9036,"['34571', '59978', '73635', '16353', '45999']"
731,14314,"['66553', '64901', '4833', '5739', '22764']"
732,54145,"['61626', '71967', '53572', '5979', '58025']"
733,36939,"['78499', '23196', '46264', '45316', '33534']"
734,13269,"['32246', '19937', '39090', '34668', '26267']"
735,24486,"['66046', '52305', '63081', '67652', '1224']"
736,31685,"['69176', '21887', '78186', '22383', '62182']"
737,55613,"['50803', '37023', '71531', '69775', '70704']"
738,10307,"['64844', '68179', '74679|32090|6414', '67067', '15370']"
739,31085,"['75101', '30718', '5601', '74097', '65212']"
740,12152,"['76859', '22023', '12885', '56023', '41840']"
741,1399,"['39149', '17741', '38811', '24337', '43296']"
742,47621,"['3939', '17217', '37640', '47378', '74184']"
743,77524,"['64599', '25270', '57865', '18040', '43731']"
744,72017,"['18392|12748', '60109', '63559', '69851', '12111']"
745,68427,"['63291', '76742', '23439', '25521', '17001']"
746,45238,[]
747,1777,"['78179', '52005', '65813', '48031', '37433']"
748,64596,"['35660', '12629', '20596', '53702', '77523']"
749,53660,"['35222', '5718', '71839', '13495', '66070']"
750,53793,"['28629', '14346', '78553', '35498', '63382']"
751,53003,"['43532', '52807', '24240', '35924', '34218']"
752,30144,[]
753,59985,"['9284', '56492', '54027', '62622', '14007']"
754,5384,"['22325', '11741|29129', '29088', '61542|40930', '60232']"
755,70911,"['33826', '39005', '51585', '28311', '8593']"
756,54790,"['70981', '23425', '30553', '12906', '43345']"
757,66903,"['15802', '48676', '28633', '31853', '66191']"
758,49099,"['57521', '544|55745', '42350', '73947', '5169']"
759,35947,"['40011', '16509', '11589', '66471', '29700']"
760,18424,"['39067', '31156', '14663', '62696', '12715|35372']"
761,1177,"['60845', '26522', '18178', '47103', '44737']"
762,25513,"['16786', '537', '71756', '7598', '41610']"
763,56477,"['18490', '33533', '47722', '57035', '68140']"
764,19649,"['49340', '817', '13325', '2226', '39050']"
765,28731,"['47511', '67180', '20985', '61672', '8437']"
766,35048,"['40894', '19660', '61779', '36306', '1159']"
767,47192,"['2003', '60872', '22779', '13292', '37207']"
768,56453,"['49464', '33936', '38731', '65485', '38646']"
769,56939,"['29065', '42755', '72462', '11183', '48021']"
770,18904,"['47541', '19036', '33379', '40010', '52469']"
771,44025,"['51237', '38939', '23031', '30482', '71614']"
772,9012,"['76850', '9103', '2167', '69533', '11518']"
773,5892,[]
774,5119,"['29828', '49742', '27729', '58793', '22855']"
775,19874,"['15560', '35389', '26609', '46709', '65712']"
776,41477,"['26350', '70796', '38422', '49348', '52915']"
777,45068,"['63494', '19584', '4163', '56398', '70987|9609']"
778,61261,"['48572', '44846', '19990', '24465', '56509']"
779,52685,"['13909', '78799', '28996', '49266', '20734']"
780,21281,"['25802', '46075', '35604', '75875', '13935']"
781,61125,"['11963|32252', '70183', '20759', '38083', '67740']"
782,45116,"['75058', '37491', '43720', '54106', '63930']"
783,15854,"['66216', '9985', '49288', '32094', '73267']"
784,46634,"['16010', '27316', '74082', '32986', '71880']"
785,4272,"['43829', '27989', '3260', '38599', '62947']"
786,39508,"['12861', '72386', '54791', '15768', '67967', '38554']"
787,13970,"['9120', '62136|52812', '27118|37652|1367|75784|55235|28922|50029|68634|7195|33574|33232|37341|28616|35990', '10255|21943|13610', '49609']"
788,9626,"['63695', '11466', '1071', '4677', '67358']"
789,6341,"['74526', '43244', '72900', '31683', '52358']"
790,26222,"['68292', '41628', '50112', '45654|33198', '42306']"
791,17998,"['53092', '56419', '17598', '71537', '27487']"
792,51002,[]
793,70026,"['23366', '38911|57593|27703|28389|19657|32288|20833|42432|21720|52763', '23809', '16247', '10984|24203']"
794,4089,"['41483', '7013', '23532', '549', '21376']"
795,56945,"['22464', '78189', '54040', '19347', '16201']"
796,56300,"['58476|77966', '48335|23541', '73958', '29525', '1200']"
797,29536,"['26121', '71817', '59648', '42645', '45893']"
798,67085,"['32671', '63893|1241', '23731', '25036', '39897']"
799,8318,"['56935', '68765', '17194', '6920', '64705']"
800,50701,"['63224', '73792', '52939', '48007', '29487|51294']"
801,39906,"['34389', '49782|6507', '27858', '61509', '75937']"
802,20388,"['37852', '29327', '74632', '53031', '10765']"
803,48054,"['68904', '43152', '42912', '6814', '14163']"
804,28013,"['30317', '51741', '34362', '63432', '52472']"
805,72242,"['71531', '27444', '40731', '43944', '69775']"
806,69407,"['46429', '23693', '37102', '73379', '47345']"
807,67382,"['61786', '34615', '29520', '32695', '62643']"
808,48584,"['31729', '26426', '14578', '65240', '62366']"
809,38197,"['78067', '12575', '49614', '10143', '70795']"
810,3696,"['31029', '73108', '75431', '50794', '1595']"
811,22940,[]
812,66319,"['2456', '60122', '29999', '33447', '30705']"
813,37531,"['34528', '74294', '65242', '26094', '76857']"
814,47302,"['8676', '25238', '13121', '14993', '51769']"
815,64237,"['52414', '73765', '44334', '54619', '72356']"
816,60983,"['35110', '52250', '19968|22964', '70166', '30200']"
817,687,"['27420', '34800', '53210', '23667', '372']"
818,51599,"['43364', '7745', '8639', '27005', '19131']"
819,12519,"['42495', '12519', '67796', '2565', '53915']"
820,8268,"['8559', '17424', '7458', '47014', '59616']"
821,45732,"['46398', '36440', '57206', '22592', '18618']"
822,29948,"['11850', '51905', '17803', '35826', '73791']"
823,24087,"['74022', '25263', '62109', '20436', '34092']"
824,24667,"['71431', '36888', '23060', '77800', '64694']"
825,9197,"['47865', '19765', '52567', '46943', '27198']"
826,31571,[]
827,71698,"['55859', '10255|21943|13610', '32062', '39957', '13834']"
828,43672,"['11584', '72790', '16353', '18067', '73209']"
829,72088,"['35345', '72972', '29857', '484', '40043']"
830,53393,"['20057', '60877|71985', '65285', '46875', '42867']"
831,38254,"['78725', '47310', '36819', '34524', '61104']"
832,27491,"['52385', '37642', '17390', '2412', '12922']"
833,7028,"['55724', '72248', '53339', '12429', '50565']"
834,56180,"['1493', '62367', '61807', '41214', '40042']"
835,10324,"['48087', '5550', '19505', '17289|76324', '69129']"
836,51443,"['9883', '65811', '810', '41358', '50441']"
837,65088,"['33849', '75482', '77701', '193', '19482']"
838,45487,"['56283', '9519', '7050', '60323', '56185']"
839,7201,[]
840,3031,"['24687', '31403', '38577', '18334', '2874']"
841,52727,[]
842,66360,"['45426', '48317', '66663', '70924', '59630']"
843,70707,[]
844,60250,"['15044', '58179|61111', '58063', '43476', '72190']"
845,70223,"['639', '56296', '646|20891', '64750|70939', '15466']"
846,12103,"['24782', '30790', '27541', '28264', '50858']"
847,29580,"['50962', '50299', '29794', '45663', '22516']"
848,3472,"['37517', '47699', '50007', '13524', '6873']"
849,66315,"['48319', '3205', '26473', '28866', '22813']"
850,58455,"['68544', '68544', '42616', '68273', '58628']"
851,9424,"['43589', '11795', '29523', '70544', '76063']"
852,56705,"['35953', '21267', '45054', '46385', '47010']"
853,54338,"['45248|14168', '57045', '60232', '61542|40930', '19330']"
854,70923,"['25361', '22026', '45754', '70413|43217', '19707']"
855,41422,"['35928', '52910', '2549', '6947', '27783']"
856,23087,[]
857,60594,"['53147', '73898', '3718', '6422', '56068']"
858,59102,"['63923', '42392', '49938', '41424', '47872']"
859,70997,"['16348', '11227', '4897', '50007', '23120|65131']"
860,15861,"['76046', '22783', '31559', '8826', '23044']"
861,8542,"['1041', '33333', '46549', '34721', '22133']"
862,38964,"['10807', '2520', '25418', '50174', '32556']"
863,8208,"['74377|42240', '78291', '45958', '70631', '47713']"
864,1954,"['8524', '35927', '48092', '18294', '35954']"
865,4822,"['61545', '18119', '5082', '41316', '53523']"
866,26113,"['3337', '5251', '26553', '77410', '9666']"
867,12970,"['43837', '8619', '9968', '72628', '15498']"
868,9891,"['2559', '4106', '40485', '19802', '36709']"
869,65669,"['77025', '35849', '20712', '15781', '30694']"
870,26379,"['14908', '70826', '35891', '17834', '19155']"
871,30725,"['7244', '2179', '72191', '44754', '32705']"
872,55501,"['22014', '6722', '67879', '73054', '9962']"
873,49738,"['40517', '69203', '63532', '53080', '64056']"
874,77676,"['53536', '70696|20334|41917', '9970', '12957', '4663']"
875,16801,"['40056', '64296', '27657', '40782', '62548']"
876,61475,"['38542|34154', '11370|11478', '25285', '5913', '63418']"
877,51600,"['6046', '73105', '74251', '28608', '950']"
878,33303,"['40459', '50007', '60475', '51311', '57022']"
879,39498,"['49639', '18386', '76072', '54826', '62191', '20780']"
880,46052,"['39958', '34104', '78022', '74361', '25063']"
881,72969,"['57699', '41000', '58248', '16021', '72798']"
882,14895,"['39322', '73447', '4908', '13561', '22923']"
883,69233,"['17138', '39691', '61690', '41830', '74397']"
884,19801,"['14142', '71110', '20425', '32164', '23583']"
885,65557,"['68333', '28682', '41813', '66819', '35948']"
886,78480,"['77648', '5090', '13769', '56075', '42092']"
887,20547,"['54253', '53358', '64547', '60378', '16016']"
888,47002,"['42060', '34617', '26311', '57547', '21106']"
889,41580,"['57402', '26930', '64977', '50856', '38548']"
890,23706,"['31340', '46653', '30882', '10627', '11096']"
891,8498,"['26764', '58083', '22627', '40536', '72066']"
892,53475,"['68479', '65215', '13065', '17374', '5170']"
893,2074,"['30124', '64461', '22269', '75662|70621', '45761']"
894,75295,"['774', '70207', '1111', '8289', '58930']"
895,39076,"['42569', '73484', '29863', '59154', '41865']"
896,59879,"['72738', '5905', '69873', '45396', '19992']"
897,51540,"['75344', '15681', '69019', '29124', '19246']"
898,40362,"['37909|20145', '11714', '21090', '77380', '23596']"
899,73789,"['55958', '13653', '30740', '4218', '9362']"
900,76368,"['6024', '18179', '8484', '32197', '74679|32090|6414']"
901,22313,"['44537', '40291', '8461', '6309', '60532']"
902,11550,"['59271', '21437', '3035', '12902|44185', '73440']"
903,73200,[]
904,21536,"['61805', '75220', '74981', '11794', '37478']"
905,56475,"['62079', '78667', '36612', '60896', '45377']"
906,27237,"['56078', '61326', '633', '43257', '68820']"
907,59970,"['31315', '33284', '76859', '22023', '56023']"
908,66324,"['23556', '50211', '17772', '52847', '67557']"
909,56170,"['2643', '3114', '27582', '24799', '31976']"
910,61750,"['76902', '13292', '37207', '64855|23096', '55803']"
911,78486,"['59500', '15717', '61744', '27301', '50123']"
912,22231,"['60735', '3781', '16127', '58886', '61196']"
913,56175,"['69844', '40654', '21603|16202', '28376', '38318']"
914,36526,"['39206', '60794', '14200', '50536', '34777']"
915,72777,"['61319', '9870|47667', '46795|44986', '11245', '6901|44511']"
916,51818,"['27766', '64884', '66942', '55141', '9391']"
917,78303,[]
918,54090,"['65248', '6539', '343', '13225', '67065']"
919,58865,"['57970', '28998', '30459|40262|72957|49438', '41529', '58170']"
920,28493,"['10130', '30154', '46668', '51635', '15890']"
921,39201,"['23095', '11577', '41384|26865', '8585|73164', '18095']"
922,3523,"['55781', '3059', '29784', '74918', '45452|65060|3817|44964|21218']"
923,26764,"['58083', '22627', '40536', '72066', '8498']"
924,10587,"['65215', '68479', '13065', '70923', '45937']"
925,27590,"['43604', '67318', '6328', '24095', '60094']"
926,14640,"['17506', '32268', '41748', '61036', '32483']"
927,30239,"['19183', '21162', '74680', '60172', '6553']"
928,25987,"['67278', '41063', '29845', '70023', '60494']"
929,50899,"['25368', '49452', '74029', '10603', '16233']"
930,38664,"['44553', '12767', '31680', '49876', '45316']"
931,64339,"['45401', '54597', '9078', '10648', '75239']"
932,36157,"['72101', '14573', '3166', '70486', '47830']"
933,67219,[]
934,26971,"['1337', '78229', '44877', '20296', '39452']"
935,59750,"['51244', '26146', '54414', '9160', '24250']"
936,14318,[]
937,35892,"['51515', '30828', '60407|16882|73388|73524', '66240|11383', '20076']"
938,23226,"['7185', '61131', '73107', '14829', '16948']"
939,78680,"['29866', '68542', '72280', '21380', '12093']"
940,60056,"['14735', '2516', '10009', '64271', '55764']"
941,68759,"['38789', '47204', '24603', '51303', '53415']"
942,61909,"['960', '6188', '58416', '10702', '58015|54162']"
943,62464,"['24205', '35107', '77228', '4597', '68775']"
944,39864,"['39315', '44502', '13279', '78340', '34117']"
945,4120,"['70113', '14336', '76173', '28880', '59731']"
946,71863,"['76859', '22023', '56128', '12885', '41840']"
947,67953,"['76982', '73835', '64958', '28335|76114', '32339']"
948,14782,"['62753', '65250', '63111', '66227', '63649']"
949,55221,"['47062', '30629', '43133', '3417', '7920']"
950,13755,"['7642', '44098', '25352', '18274', '56398']"
951,66040,"['11615', '78748', '47799', '4818', '35310']"
952,22353,"['19495', '50112', '41628', '45654|33198', '72381|56604']"
953,11485,"['67230', '65485', '5583', '1252', '71752']"
954,10789,"['18890', '73302', '27665', '7084', '59265|72894']"
955,63891,"['57640', '45272', '27638', '39024', '69481']"
956,49179,"['65885', '59375', '73163', '42605', '60408']"
957,817,"['16903', '40037', '61323', '3516', '67304']"
958,25157,"['62920', '16280', '18064', '2523', '45318']"
959,41090,"['56215', '19471', '67486', '1733', '42939']"
960,77200,"['16995', '54489', '61323', '62653', '75823']"
961,66568,"['22297', '4991', '9410', '75426', '27301']"
962,45173,"['64152', '38392', '46927|31739|30092', '24653', '16691']"
963,20399,"['30656', '77653', '25233', '68799', '5991']"
964,76916,"['62664', '54460', '2430', '18651', '21774']"
965,63103,[]
966,64517,"['56780', '52940', '11618', '73324', '32280']"
967,47988,"['49376', '2773', '73021', '27906', '51671']"
968,44662,"['7386', '22783', '57625', '36743', '25732']"
969,76645,[]
970,62115,"['49589', '61539', '49106', '66446|46220', '53233|12061']"
971,62234,"['2731', '5503', '67329', '25118', '28524']"
972,36826,"['45405', '64610', '7890', '66888', '14342']"
973,29916,"['57901', '8030|17578', '39913|30174', '37459', '5732']"
974,8728,"['10061', '37749', '51573|18519', '78239', '47572']"
975,30372,"['51685', '54470', '47886', '53608', '29969']"
976,17138,"['37650', '73024', '36827', '20176', '78876']"
977,40812,"['24381', '48371', '44840', '65838', '44548']"
978,28381,"['77576', '12117', '6355', '26476', '9373']"
979,37563,"['34630', '49775', '62598', '53419', '45766']"
980,42158,"['54135', '45286', '64411', '48352', '46833']"
981,36959,"['4835', '47204', '6459', '51303', '3232']"
982,30622,"['11830', '43646', '33530', '63565', '69444']"
983,56782,"['19466', '69704', '35622', '6602', '21912']"
984,44214,"['54414', '26285|65206|49723', '63157', '13243|18491', '39607']"
985,50648,"['68065', '72882|12995', '6389', '7224', '61440']"
986,37731,"['57270', '49842', '55002', '56094', '30433|30410']"
987,22963,"['14736', '54160', '11879', '73078', '14847', '74926']"
988,24740,"['57988', '23614', '71474', '75669', '63029']"
989,2706,"['33595', '53992', '38055', '77012', '7000']"
990,58358,"['6095', '40574', '19765', '46943', '27198']"
991,9569,"['38192', '46706', '68358', '39611', '44124']"
992,50163,"['62240', '60192|42196', '42515', '57461', '59241']"
993,5357,"['11193', '34964|70842|70197', '52979', '62781', '16996']"
994,23570,"['31154', '2279', '66650', '37481', '29372|13816']"
995,78384,"['56354', '11695', '42539', '12464', '74588']"
996,68157,"['66167', '41398', '6253', '18891', '43821']"
997,44964,[]
998,12971,"['56107', '26291', '49248', '35540', '15800']"
999,41078,"['23733', '27389', '74400', '19142', '8122|16034']"
